task_id,molecule,scf_type,charge,spin_2s,basis,xc,grid_level,response_solver,spin_channel,nstates,support_status
water__RKS__pbe__def2-svp__0__tda__singlet__5__0560854ab7,water,RKS,0,0,def2-svp,pbe,0,tda,singlet,5,graddft_supported
water__RKS__pbe__def2-svp__0__tda__triplet__5__cf3938befa,water,RKS,0,0,def2-svp,pbe,0,tda,triplet,5,pyscf_only_restricted_triplet_pending
water__RKS__pbe__def2-svp__0__tddft__singlet__5__56a4c044ae,water,RKS,0,0,def2-svp,pbe,0,tddft,singlet,5,graddft_supported
water__RKS__pbe__def2-svp__0__tddft__triplet__5__e6f9adcf17,water,RKS,0,0,def2-svp,pbe,0,tddft,triplet,5,pyscf_only_restricted_triplet_pending
water__RKS__b3lyp__def2-svp__0__tda__singlet__5__2910305ef3,water,RKS,0,0,def2-svp,b3lyp,0,tda,singlet,5,graddft_supported
water__RKS__b3lyp__def2-svp__0__tda__triplet__5__0e3bcee39a,water,RKS,0,0,def2-svp,b3lyp,0,tda,triplet,5,pyscf_only_restricted_triplet_pending
water__RKS__b3lyp__def2-svp__0__tddft__singlet__5__db722eb5e1,water,RKS,0,0,def2-svp,b3lyp,0,tddft,singlet,5,graddft_supported
water__RKS__b3lyp__def2-svp__0__tddft__triplet__5__629fe3e17e,water,RKS,0,0,def2-svp,b3lyp,0,tddft,triplet,5,pyscf_only_restricted_triplet_pending
water__RKS__pbe0__def2-svp__0__tda__singlet__5__819d68229a,water,RKS,0,0,def2-svp,pbe0,0,tda,singlet,5,graddft_supported
water__RKS__pbe0__def2-svp__0__tda__triplet__5__21f81fbe88,water,RKS,0,0,def2-svp,pbe0,0,tda,triplet,5,pyscf_only_restricted_triplet_pending
water__RKS__pbe0__def2-svp__0__tddft__singlet__5__273e83ba0c,water,RKS,0,0,def2-svp,pbe0,0,tddft,singlet,5,graddft_supported
water__RKS__pbe0__def2-svp__0__tddft__triplet__5__a3131c5568,water,RKS,0,0,def2-svp,pbe0,0,tddft,triplet,5,pyscf_only_restricted_triplet_pending
water__RKS__pbe__aug-cc-pvdz__0__tda__singlet__5__95739ca0af,water,RKS,0,0,aug-cc-pvdz,pbe,0,tda,singlet,5,graddft_supported
water__RKS__pbe__aug-cc-pvdz__0__tda__triplet__5__a6a5d67ada,water,RKS,0,0,aug-cc-pvdz,pbe,0,tda,triplet,5,pyscf_only_restricted_triplet_pending
water__RKS__pbe__aug-cc-pvdz__0__tddft__singlet__5__f7b24e53ac,water,RKS,0,0,aug-cc-pvdz,pbe,0,tddft,singlet,5,graddft_supported
water__RKS__pbe__aug-cc-pvdz__0__tddft__triplet__5__dcec8c5838,water,RKS,0,0,aug-cc-pvdz,pbe,0,tddft,triplet,5,pyscf_only_restricted_triplet_pending
water__RKS__b3lyp__aug-cc-pvdz__0__tda__singlet__5__06987e018b,water,RKS,0,0,aug-cc-pvdz,b3lyp,0,tda,singlet,5,graddft_supported
water__RKS__b3lyp__aug-cc-pvdz__0__tda__triplet__5__72bf6a138a,water,RKS,0,0,aug-cc-pvdz,b3lyp,0,tda,triplet,5,pyscf_only_restricted_triplet_pending
water__RKS__b3lyp__aug-cc-pvdz__0__tddft__singlet__5__ca5fb1df6d,water,RKS,0,0,aug-cc-pvdz,b3lyp,0,tddft,singlet,5,graddft_supported
water__RKS__b3lyp__aug-cc-pvdz__0__tddft__triplet__5__13b0964b4f,water,RKS,0,0,aug-cc-pvdz,b3lyp,0,tddft,triplet,5,pyscf_only_restricted_triplet_pending
water__RKS__pbe0__aug-cc-pvdz__0__tda__singlet__5__504709499e,water,RKS,0,0,aug-cc-pvdz,pbe0,0,tda,singlet,5,graddft_supported
water__RKS__pbe0__aug-cc-pvdz__0__tda__triplet__5__76a53ef833,water,RKS,0,0,aug-cc-pvdz,pbe0,0,tda,triplet,5,pyscf_only_restricted_triplet_pending
water__RKS__pbe0__aug-cc-pvdz__0__tddft__singlet__5__1e37a26bf5,water,RKS,0,0,aug-cc-pvdz,pbe0,0,tddft,singlet,5,graddft_supported
water__RKS__pbe0__aug-cc-pvdz__0__tddft__triplet__5__7368d65c43,water,RKS,0,0,aug-cc-pvdz,pbe0,0,tddft,triplet,5,pyscf_only_restricted_triplet_pending
co__RKS__pbe__def2-svp__0__tda__singlet__5__1a229d07e1,co,RKS,0,0,def2-svp,pbe,0,tda,singlet,5,graddft_supported
co__RKS__pbe__def2-svp__0__tda__triplet__5__b8d234573c,co,RKS,0,0,def2-svp,pbe,0,tda,triplet,5,pyscf_only_restricted_triplet_pending
co__RKS__pbe__def2-svp__0__tddft__singlet__5__be8cffe1f8,co,RKS,0,0,def2-svp,pbe,0,tddft,singlet,5,graddft_supported
co__RKS__pbe__def2-svp__0__tddft__triplet__5__7b8a348932,co,RKS,0,0,def2-svp,pbe,0,tddft,triplet,5,pyscf_only_restricted_triplet_pending
co__RKS__b3lyp__def2-svp__0__tda__singlet__5__5c2bc69c62,co,RKS,0,0,def2-svp,b3lyp,0,tda,singlet,5,graddft_supported
co__RKS__b3lyp__def2-svp__0__tda__triplet__5__1e2b776a26,co,RKS,0,0,def2-svp,b3lyp,0,tda,triplet,5,pyscf_only_restricted_triplet_pending
co__RKS__b3lyp__def2-svp__0__tddft__singlet__5__41a2d81dec,co,RKS,0,0,def2-svp,b3lyp,0,tddft,singlet,5,graddft_supported
co__RKS__b3lyp__def2-svp__0__tddft__triplet__5__0bc89de567,co,RKS,0,0,def2-svp,b3lyp,0,tddft,triplet,5,pyscf_only_restricted_triplet_pending
co__RKS__pbe0__def2-svp__0__tda__singlet__5__6ac2669573,co,RKS,0,0,def2-svp,pbe0,0,tda,singlet,5,graddft_supported
co__RKS__pbe0__def2-svp__0__tda__triplet__5__c5499d8af0,co,RKS,0,0,def2-svp,pbe0,0,tda,triplet,5,pyscf_only_restricted_triplet_pending
co__RKS__pbe0__def2-svp__0__tddft__singlet__5__8721613f14,co,RKS,0,0,def2-svp,pbe0,0,tddft,singlet,5,graddft_supported
co__RKS__pbe0__def2-svp__0__tddft__triplet__5__3da7fcc209,co,RKS,0,0,def2-svp,pbe0,0,tddft,triplet,5,pyscf_only_restricted_triplet_pending
co__RKS__pbe__aug-cc-pvdz__0__tda__singlet__5__a5c6d5ca5a,co,RKS,0,0,aug-cc-pvdz,pbe,0,tda,singlet,5,graddft_supported
co__RKS__pbe__aug-cc-pvdz__0__tda__triplet__5__6e954a2627,co,RKS,0,0,aug-cc-pvdz,pbe,0,tda,triplet,5,pyscf_only_restricted_triplet_pending
co__RKS__pbe__aug-cc-pvdz__0__tddft__singlet__5__b7c8fad25f,co,RKS,0,0,aug-cc-pvdz,pbe,0,tddft,singlet,5,graddft_supported
co__RKS__pbe__aug-cc-pvdz__0__tddft__triplet__5__d69d561810,co,RKS,0,0,aug-cc-pvdz,pbe,0,tddft,triplet,5,pyscf_only_restricted_triplet_pending
co__RKS__b3lyp__aug-cc-pvdz__0__tda__singlet__5__6e21bd929b,co,RKS,0,0,aug-cc-pvdz,b3lyp,0,tda,singlet,5,graddft_supported
co__RKS__b3lyp__aug-cc-pvdz__0__tda__triplet__5__a636f2b53c,co,RKS,0,0,aug-cc-pvdz,b3lyp,0,tda,triplet,5,pyscf_only_restricted_triplet_pending
co__RKS__b3lyp__aug-cc-pvdz__0__tddft__singlet__5__b53d06956b,co,RKS,0,0,aug-cc-pvdz,b3lyp,0,tddft,singlet,5,graddft_supported
co__RKS__b3lyp__aug-cc-pvdz__0__tddft__triplet__5__4f63907a31,co,RKS,0,0,aug-cc-pvdz,b3lyp,0,tddft,triplet,5,pyscf_only_restricted_triplet_pending
co__RKS__pbe0__aug-cc-pvdz__0__tda__singlet__5__4755bed2bd,co,RKS,0,0,aug-cc-pvdz,pbe0,0,tda,singlet,5,graddft_supported
co__RKS__pbe0__aug-cc-pvdz__0__tda__triplet__5__1f763255d3,co,RKS,0,0,aug-cc-pvdz,pbe0,0,tda,triplet,5,pyscf_only_restricted_triplet_pending
co__RKS__pbe0__aug-cc-pvdz__0__tddft__singlet__5__91e3161f38,co,RKS,0,0,aug-cc-pvdz,pbe0,0,tddft,singlet,5,graddft_supported
co__RKS__pbe0__aug-cc-pvdz__0__tddft__triplet__5__d271eb3ec1,co,RKS,0,0,aug-cc-pvdz,pbe0,0,tddft,triplet,5,pyscf_only_restricted_triplet_pending
n2__RKS__pbe__def2-svp__0__tda__singlet__5__95ff3e95ed,n2,RKS,0,0,def2-svp,pbe,0,tda,singlet,5,graddft_supported
n2__RKS__pbe__def2-svp__0__tda__triplet__5__d007ca5201,n2,RKS,0,0,def2-svp,pbe,0,tda,triplet,5,pyscf_only_restricted_triplet_pending
n2__RKS__pbe__def2-svp__0__tddft__singlet__5__6373588e3b,n2,RKS,0,0,def2-svp,pbe,0,tddft,singlet,5,graddft_supported
n2__RKS__pbe__def2-svp__0__tddft__triplet__5__bd777f5c8e,n2,RKS,0,0,def2-svp,pbe,0,tddft,triplet,5,pyscf_only_restricted_triplet_pending
n2__RKS__b3lyp__def2-svp__0__tda__singlet__5__997584bb47,n2,RKS,0,0,def2-svp,b3lyp,0,tda,singlet,5,graddft_supported
n2__RKS__b3lyp__def2-svp__0__tda__triplet__5__016a94c744,n2,RKS,0,0,def2-svp,b3lyp,0,tda,triplet,5,pyscf_only_restricted_triplet_pending
n2__RKS__b3lyp__def2-svp__0__tddft__singlet__5__437f678bbc,n2,RKS,0,0,def2-svp,b3lyp,0,tddft,singlet,5,graddft_supported
n2__RKS__b3lyp__def2-svp__0__tddft__triplet__5__ec77eda5ce,n2,RKS,0,0,def2-svp,b3lyp,0,tddft,triplet,5,pyscf_only_restricted_triplet_pending
n2__RKS__pbe0__def2-svp__0__tda__singlet__5__40a26f5507,n2,RKS,0,0,def2-svp,pbe0,0,tda,singlet,5,graddft_supported
n2__RKS__pbe0__def2-svp__0__tda__triplet__5__0e8eb4e2c4,n2,RKS,0,0,def2-svp,pbe0,0,tda,triplet,5,pyscf_only_restricted_triplet_pending
n2__RKS__pbe0__def2-svp__0__tddft__singlet__5__edae9ed75f,n2,RKS,0,0,def2-svp,pbe0,0,tddft,singlet,5,graddft_supported
n2__RKS__pbe0__def2-svp__0__tddft__triplet__5__e2ce6310d4,n2,RKS,0,0,def2-svp,pbe0,0,tddft,triplet,5,pyscf_only_restricted_triplet_pending
n2__RKS__pbe__aug-cc-pvdz__0__tda__singlet__5__889f2da7a2,n2,RKS,0,0,aug-cc-pvdz,pbe,0,tda,singlet,5,graddft_supported
n2__RKS__pbe__aug-cc-pvdz__0__tda__triplet__5__7042baa838,n2,RKS,0,0,aug-cc-pvdz,pbe,0,tda,triplet,5,pyscf_only_restricted_triplet_pending
n2__RKS__pbe__aug-cc-pvdz__0__tddft__singlet__5__caf62fd717,n2,RKS,0,0,aug-cc-pvdz,pbe,0,tddft,singlet,5,graddft_supported
n2__RKS__pbe__aug-cc-pvdz__0__tddft__triplet__5__0976dbe8f7,n2,RKS,0,0,aug-cc-pvdz,pbe,0,tddft,triplet,5,pyscf_only_restricted_triplet_pending
n2__RKS__b3lyp__aug-cc-pvdz__0__tda__singlet__5__048e5e64e1,n2,RKS,0,0,aug-cc-pvdz,b3lyp,0,tda,singlet,5,graddft_supported
n2__RKS__b3lyp__aug-cc-pvdz__0__tda__triplet__5__0b82aeeac0,n2,RKS,0,0,aug-cc-pvdz,b3lyp,0,tda,triplet,5,pyscf_only_restricted_triplet_pending
n2__RKS__b3lyp__aug-cc-pvdz__0__tddft__singlet__5__841d30b650,n2,RKS,0,0,aug-cc-pvdz,b3lyp,0,tddft,singlet,5,graddft_supported
n2__RKS__b3lyp__aug-cc-pvdz__0__tddft__triplet__5__0a9de2d58e,n2,RKS,0,0,aug-cc-pvdz,b3lyp,0,tddft,triplet,5,pyscf_only_restricted_triplet_pending
n2__RKS__pbe0__aug-cc-pvdz__0__tda__singlet__5__29f77e25d6,n2,RKS,0,0,aug-cc-pvdz,pbe0,0,tda,singlet,5,graddft_supported
n2__RKS__pbe0__aug-cc-pvdz__0__tda__triplet__5__63f9ac9888,n2,RKS,0,0,aug-cc-pvdz,pbe0,0,tda,triplet,5,pyscf_only_restricted_triplet_pending
n2__RKS__pbe0__aug-cc-pvdz__0__tddft__singlet__5__1cc6028bc7,n2,RKS,0,0,aug-cc-pvdz,pbe0,0,tddft,singlet,5,graddft_supported
n2__RKS__pbe0__aug-cc-pvdz__0__tddft__triplet__5__15fbb4ae58,n2,RKS,0,0,aug-cc-pvdz,pbe0,0,tddft,triplet,5,pyscf_only_restricted_triplet_pending
ethylene__RKS__pbe__def2-svp__0__tda__singlet__5__2fcd93c0c3,ethylene,RKS,0,0,def2-svp,pbe,0,tda,singlet,5,graddft_supported
ethylene__RKS__pbe__def2-svp__0__tda__triplet__5__22b34c6c7e,ethylene,RKS,0,0,def2-svp,pbe,0,tda,triplet,5,pyscf_only_restricted_triplet_pending
ethylene__RKS__pbe__def2-svp__0__tddft__singlet__5__c45cc6ad51,ethylene,RKS,0,0,def2-svp,pbe,0,tddft,singlet,5,graddft_supported
ethylene__RKS__pbe__def2-svp__0__tddft__triplet__5__bd2dbca70f,ethylene,RKS,0,0,def2-svp,pbe,0,tddft,triplet,5,pyscf_only_restricted_triplet_pending
ethylene__RKS__b3lyp__def2-svp__0__tda__singlet__5__919490fad7,ethylene,RKS,0,0,def2-svp,b3lyp,0,tda,singlet,5,graddft_supported
ethylene__RKS__b3lyp__def2-svp__0__tda__triplet__5__661d57b925,ethylene,RKS,0,0,def2-svp,b3lyp,0,tda,triplet,5,pyscf_only_restricted_triplet_pending
ethylene__RKS__b3lyp__def2-svp__0__tddft__singlet__5__95f17d9344,ethylene,RKS,0,0,def2-svp,b3lyp,0,tddft,singlet,5,graddft_supported
ethylene__RKS__b3lyp__def2-svp__0__tddft__triplet__5__2f72b4dada,ethylene,RKS,0,0,def2-svp,b3lyp,0,tddft,triplet,5,pyscf_only_restricted_triplet_pending
ethylene__RKS__pbe0__def2-svp__0__tda__singlet__5__639ff24e76,ethylene,RKS,0,0,def2-svp,pbe0,0,tda,singlet,5,graddft_supported
ethylene__RKS__pbe0__def2-svp__0__tda__triplet__5__1bfdb22f4c,ethylene,RKS,0,0,def2-svp,pbe0,0,tda,triplet,5,pyscf_only_restricted_triplet_pending
ethylene__RKS__pbe0__def2-svp__0__tddft__singlet__5__6411542085,ethylene,RKS,0,0,def2-svp,pbe0,0,tddft,singlet,5,graddft_supported
ethylene__RKS__pbe0__def2-svp__0__tddft__triplet__5__19efa44f89,ethylene,RKS,0,0,def2-svp,pbe0,0,tddft,triplet,5,pyscf_only_restricted_triplet_pending
ethylene__RKS__pbe__aug-cc-pvdz__0__tda__singlet__5__96e5b74708,ethylene,RKS,0,0,aug-cc-pvdz,pbe,0,tda,singlet,5,graddft_supported
ethylene__RKS__pbe__aug-cc-pvdz__0__tda__triplet__5__6053045167,ethylene,RKS,0,0,aug-cc-pvdz,pbe,0,tda,triplet,5,pyscf_only_restricted_triplet_pending
ethylene__RKS__pbe__aug-cc-pvdz__0__tddft__singlet__5__8085e7ae6e,ethylene,RKS,0,0,aug-cc-pvdz,pbe,0,tddft,singlet,5,graddft_supported
ethylene__RKS__pbe__aug-cc-pvdz__0__tddft__triplet__5__c5f8cc2a25,ethylene,RKS,0,0,aug-cc-pvdz,pbe,0,tddft,triplet,5,pyscf_only_restricted_triplet_pending
ethylene__RKS__b3lyp__aug-cc-pvdz__0__tda__singlet__5__f70e18115d,ethylene,RKS,0,0,aug-cc-pvdz,b3lyp,0,tda,singlet,5,graddft_supported
ethylene__RKS__b3lyp__aug-cc-pvdz__0__tda__triplet__5__c5e749fd87,ethylene,RKS,0,0,aug-cc-pvdz,b3lyp,0,tda,triplet,5,pyscf_only_restricted_triplet_pending
ethylene__RKS__b3lyp__aug-cc-pvdz__0__tddft__singlet__5__8d3461ce8b,ethylene,RKS,0,0,aug-cc-pvdz,b3lyp,0,tddft,singlet,5,graddft_supported
ethylene__RKS__b3lyp__aug-cc-pvdz__0__tddft__triplet__5__a6e3e21a3f,ethylene,RKS,0,0,aug-cc-pvdz,b3lyp,0,tddft,triplet,5,pyscf_only_restricted_triplet_pending
ethylene__RKS__pbe0__aug-cc-pvdz__0__tda__singlet__5__17dfc00154,ethylene,RKS,0,0,aug-cc-pvdz,pbe0,0,tda,singlet,5,graddft_supported
ethylene__RKS__pbe0__aug-cc-pvdz__0__tda__triplet__5__f648b0402e,ethylene,RKS,0,0,aug-cc-pvdz,pbe0,0,tda,triplet,5,pyscf_only_restricted_triplet_pending
ethylene__RKS__pbe0__aug-cc-pvdz__0__tddft__singlet__5__3214a3ae36,ethylene,RKS,0,0,aug-cc-pvdz,pbe0,0,tddft,singlet,5,graddft_supported
ethylene__RKS__pbe0__aug-cc-pvdz__0__tddft__triplet__5__52be307cad,ethylene,RKS,0,0,aug-cc-pvdz,pbe0,0,tddft,triplet,5,pyscf_only_restricted_triplet_pending
formaldehyde__RKS__pbe__def2-svp__0__tda__singlet__5__6a8809d2c3,formaldehyde,RKS,0,0,def2-svp,pbe,0,tda,singlet,5,graddft_supported
formaldehyde__RKS__pbe__def2-svp__0__tda__triplet__5__2de5820828,formaldehyde,RKS,0,0,def2-svp,pbe,0,tda,triplet,5,pyscf_only_restricted_triplet_pending
formaldehyde__RKS__pbe__def2-svp__0__tddft__singlet__5__0b01dc44a8,formaldehyde,RKS,0,0,def2-svp,pbe,0,tddft,singlet,5,graddft_supported
formaldehyde__RKS__pbe__def2-svp__0__tddft__triplet__5__4b659d380d,formaldehyde,RKS,0,0,def2-svp,pbe,0,tddft,triplet,5,pyscf_only_restricted_triplet_pending
formaldehyde__RKS__b3lyp__def2-svp__0__tda__singlet__5__e1645337ec,formaldehyde,RKS,0,0,def2-svp,b3lyp,0,tda,singlet,5,graddft_supported
formaldehyde__RKS__b3lyp__def2-svp__0__tda__triplet__5__e2b558f621,formaldehyde,RKS,0,0,def2-svp,b3lyp,0,tda,triplet,5,pyscf_only_restricted_triplet_pending
formaldehyde__RKS__b3lyp__def2-svp__0__tddft__singlet__5__2586db55d1,formaldehyde,RKS,0,0,def2-svp,b3lyp,0,tddft,singlet,5,graddft_supported
formaldehyde__RKS__b3lyp__def2-svp__0__tddft__triplet__5__90e469415b,formaldehyde,RKS,0,0,def2-svp,b3lyp,0,tddft,triplet,5,pyscf_only_restricted_triplet_pending
formaldehyde__RKS__pbe0__def2-svp__0__tda__singlet__5__c3caabdfe4,formaldehyde,RKS,0,0,def2-svp,pbe0,0,tda,singlet,5,graddft_supported
formaldehyde__RKS__pbe0__def2-svp__0__tda__triplet__5__5ba119ef16,formaldehyde,RKS,0,0,def2-svp,pbe0,0,tda,triplet,5,pyscf_only_restricted_triplet_pending
formaldehyde__RKS__pbe0__def2-svp__0__tddft__singlet__5__e3260c5bcc,formaldehyde,RKS,0,0,def2-svp,pbe0,0,tddft,singlet,5,graddft_supported
formaldehyde__RKS__pbe0__def2-svp__0__tddft__triplet__5__4116bc14c7,formaldehyde,RKS,0,0,def2-svp,pbe0,0,tddft,triplet,5,pyscf_only_restricted_triplet_pending
formaldehyde__RKS__pbe__aug-cc-pvdz__0__tda__singlet__5__13a26b285d,formaldehyde,RKS,0,0,aug-cc-pvdz,pbe,0,tda,singlet,5,graddft_supported
formaldehyde__RKS__pbe__aug-cc-pvdz__0__tda__triplet__5__f818e7b291,formaldehyde,RKS,0,0,aug-cc-pvdz,pbe,0,tda,triplet,5,pyscf_only_restricted_triplet_pending
formaldehyde__RKS__pbe__aug-cc-pvdz__0__tddft__singlet__5__0ae3c71cec,formaldehyde,RKS,0,0,aug-cc-pvdz,pbe,0,tddft,singlet,5,graddft_supported
formaldehyde__RKS__pbe__aug-cc-pvdz__0__tddft__triplet__5__b67ba7615f,formaldehyde,RKS,0,0,aug-cc-pvdz,pbe,0,tddft,triplet,5,pyscf_only_restricted_triplet_pending
formaldehyde__RKS__b3lyp__aug-cc-pvdz__0__tda__singlet__5__e58939b7ca,formaldehyde,RKS,0,0,aug-cc-pvdz,b3lyp,0,tda,singlet,5,graddft_supported
formaldehyde__RKS__b3lyp__aug-cc-pvdz__0__tda__triplet__5__e1c0a35bd6,formaldehyde,RKS,0,0,aug-cc-pvdz,b3lyp,0,tda,triplet,5,pyscf_only_restricted_triplet_pending
formaldehyde__RKS__b3lyp__aug-cc-pvdz__0__tddft__singlet__5__24db64c749,formaldehyde,RKS,0,0,aug-cc-pvdz,b3lyp,0,tddft,singlet,5,graddft_supported
formaldehyde__RKS__b3lyp__aug-cc-pvdz__0__tddft__triplet__5__f10f54542d,formaldehyde,RKS,0,0,aug-cc-pvdz,b3lyp,0,tddft,triplet,5,pyscf_only_restricted_triplet_pending
formaldehyde__RKS__pbe0__aug-cc-pvdz__0__tda__singlet__5__ad3da95d1c,formaldehyde,RKS,0,0,aug-cc-pvdz,pbe0,0,tda,singlet,5,graddft_supported
formaldehyde__RKS__pbe0__aug-cc-pvdz__0__tda__triplet__5__75a52f97d9,formaldehyde,RKS,0,0,aug-cc-pvdz,pbe0,0,tda,triplet,5,pyscf_only_restricted_triplet_pending
formaldehyde__RKS__pbe0__aug-cc-pvdz__0__tddft__singlet__5__7cf938451b,formaldehyde,RKS,0,0,aug-cc-pvdz,pbe0,0,tddft,singlet,5,graddft_supported
formaldehyde__RKS__pbe0__aug-cc-pvdz__0__tddft__triplet__5__a3b83ac8d1,formaldehyde,RKS,0,0,aug-cc-pvdz,pbe0,0,tddft,triplet,5,pyscf_only_restricted_triplet_pending
benzene__RKS__pbe__def2-svp__0__tda__singlet__5__26f076b945,benzene,RKS,0,0,def2-svp,pbe,0,tda,singlet,5,graddft_supported
benzene__RKS__pbe__def2-svp__0__tda__triplet__5__8e5324e6de,benzene,RKS,0,0,def2-svp,pbe,0,tda,triplet,5,pyscf_only_restricted_triplet_pending
benzene__RKS__pbe__def2-svp__0__tddft__singlet__5__4471525f77,benzene,RKS,0,0,def2-svp,pbe,0,tddft,singlet,5,graddft_supported
benzene__RKS__pbe__def2-svp__0__tddft__triplet__5__6c1666e3db,benzene,RKS,0,0,def2-svp,pbe,0,tddft,triplet,5,pyscf_only_restricted_triplet_pending
benzene__RKS__b3lyp__def2-svp__0__tda__singlet__5__d2f0093852,benzene,RKS,0,0,def2-svp,b3lyp,0,tda,singlet,5,graddft_supported
benzene__RKS__b3lyp__def2-svp__0__tda__triplet__5__787bf346ae,benzene,RKS,0,0,def2-svp,b3lyp,0,tda,triplet,5,pyscf_only_restricted_triplet_pending
benzene__RKS__b3lyp__def2-svp__0__tddft__singlet__5__9f858a2ce9,benzene,RKS,0,0,def2-svp,b3lyp,0,tddft,singlet,5,graddft_supported
benzene__RKS__b3lyp__def2-svp__0__tddft__triplet__5__bb2b0fa78d,benzene,RKS,0,0,def2-svp,b3lyp,0,tddft,triplet,5,pyscf_only_restricted_triplet_pending
benzene__RKS__pbe0__def2-svp__0__tda__singlet__5__4653ab7a05,benzene,RKS,0,0,def2-svp,pbe0,0,tda,singlet,5,graddft_supported
benzene__RKS__pbe0__def2-svp__0__tda__triplet__5__929b251967,benzene,RKS,0,0,def2-svp,pbe0,0,tda,triplet,5,pyscf_only_restricted_triplet_pending
benzene__RKS__pbe0__def2-svp__0__tddft__singlet__5__cb0697f87e,benzene,RKS,0,0,def2-svp,pbe0,0,tddft,singlet,5,graddft_supported
benzene__RKS__pbe0__def2-svp__0__tddft__triplet__5__0f2caec4d6,benzene,RKS,0,0,def2-svp,pbe0,0,tddft,triplet,5,pyscf_only_restricted_triplet_pending
benzene__RKS__pbe__aug-cc-pvdz__0__tda__singlet__5__edf2b57cc2,benzene,RKS,0,0,aug-cc-pvdz,pbe,0,tda,singlet,5,graddft_supported
benzene__RKS__pbe__aug-cc-pvdz__0__tda__triplet__5__1c96d02af0,benzene,RKS,0,0,aug-cc-pvdz,pbe,0,tda,triplet,5,pyscf_only_restricted_triplet_pending
benzene__RKS__pbe__aug-cc-pvdz__0__tddft__singlet__5__1ef02572ca,benzene,RKS,0,0,aug-cc-pvdz,pbe,0,tddft,singlet,5,graddft_supported
benzene__RKS__pbe__aug-cc-pvdz__0__tddft__triplet__5__be359ded85,benzene,RKS,0,0,aug-cc-pvdz,pbe,0,tddft,triplet,5,pyscf_only_restricted_triplet_pending
benzene__RKS__b3lyp__aug-cc-pvdz__0__tda__singlet__5__a59cbce9f9,benzene,RKS,0,0,aug-cc-pvdz,b3lyp,0,tda,singlet,5,graddft_supported
benzene__RKS__b3lyp__aug-cc-pvdz__0__tda__triplet__5__662c7688e4,benzene,RKS,0,0,aug-cc-pvdz,b3lyp,0,tda,triplet,5,pyscf_only_restricted_triplet_pending
benzene__RKS__b3lyp__aug-cc-pvdz__0__tddft__singlet__5__80de470ae9,benzene,RKS,0,0,aug-cc-pvdz,b3lyp,0,tddft,singlet,5,graddft_supported
benzene__RKS__b3lyp__aug-cc-pvdz__0__tddft__triplet__5__69ed6b25a9,benzene,RKS,0,0,aug-cc-pvdz,b3lyp,0,tddft,triplet,5,pyscf_only_restricted_triplet_pending
benzene__RKS__pbe0__aug-cc-pvdz__0__tda__singlet__5__6a27079b7d,benzene,RKS,0,0,aug-cc-pvdz,pbe0,0,tda,singlet,5,graddft_supported
benzene__RKS__pbe0__aug-cc-pvdz__0__tda__triplet__5__392f37c6a7,benzene,RKS,0,0,aug-cc-pvdz,pbe0,0,tda,triplet,5,pyscf_only_restricted_triplet_pending
benzene__RKS__pbe0__aug-cc-pvdz__0__tddft__singlet__5__186a62f089,benzene,RKS,0,0,aug-cc-pvdz,pbe0,0,tddft,singlet,5,graddft_supported
benzene__RKS__pbe0__aug-cc-pvdz__0__tddft__triplet__5__bec4439117,benzene,RKS,0,0,aug-cc-pvdz,pbe0,0,tddft,triplet,5,pyscf_only_restricted_triplet_pending
oh__UKS__pbe__def2-svp__0__tda__spin_conserving__5__92b795ae64,oh,UKS,0,1,def2-svp,pbe,0,tda,spin_conserving,5,pyscf_only_unrestricted_semilocal_pending
oh__UKS__pbe__def2-svp__0__tddft__spin_conserving__5__dc1f2c7f5d,oh,UKS,0,1,def2-svp,pbe,0,tddft,spin_conserving,5,pyscf_only_unrestricted_semilocal_pending
oh__UKS__b3lyp__def2-svp__0__tda__spin_conserving__5__bc6ea2d119,oh,UKS,0,1,def2-svp,b3lyp,0,tda,spin_conserving,5,pyscf_only_unrestricted_semilocal_pending
oh__UKS__b3lyp__def2-svp__0__tddft__spin_conserving__5__9efa13c6ce,oh,UKS,0,1,def2-svp,b3lyp,0,tddft,spin_conserving,5,pyscf_only_unrestricted_semilocal_pending
oh__UKS__pbe0__def2-svp__0__tda__spin_conserving__5__4ef46e382f,oh,UKS,0,1,def2-svp,pbe0,0,tda,spin_conserving,5,pyscf_only_unrestricted_semilocal_pending
oh__UKS__pbe0__def2-svp__0__tddft__spin_conserving__5__8e5dfbe7bb,oh,UKS,0,1,def2-svp,pbe0,0,tddft,spin_conserving,5,pyscf_only_unrestricted_semilocal_pending
oh__UKS__pbe__aug-cc-pvdz__0__tda__spin_conserving__5__8c05925cb2,oh,UKS,0,1,aug-cc-pvdz,pbe,0,tda,spin_conserving,5,pyscf_only_unrestricted_semilocal_pending
oh__UKS__pbe__aug-cc-pvdz__0__tddft__spin_conserving__5__2a9977a176,oh,UKS,0,1,aug-cc-pvdz,pbe,0,tddft,spin_conserving,5,pyscf_only_unrestricted_semilocal_pending
oh__UKS__b3lyp__aug-cc-pvdz__0__tda__spin_conserving__5__f7e702013b,oh,UKS,0,1,aug-cc-pvdz,b3lyp,0,tda,spin_conserving,5,pyscf_only_unrestricted_semilocal_pending
oh__UKS__b3lyp__aug-cc-pvdz__0__tddft__spin_conserving__5__47ee670fd5,oh,UKS,0,1,aug-cc-pvdz,b3lyp,0,tddft,spin_conserving,5,pyscf_only_unrestricted_semilocal_pending
oh__UKS__pbe0__aug-cc-pvdz__0__tda__spin_conserving__5__da0230042d,oh,UKS,0,1,aug-cc-pvdz,pbe0,0,tda,spin_conserving,5,pyscf_only_unrestricted_semilocal_pending
oh__UKS__pbe0__aug-cc-pvdz__0__tddft__spin_conserving__5__d13fc786de,oh,UKS,0,1,aug-cc-pvdz,pbe0,0,tddft,spin_conserving,5,pyscf_only_unrestricted_semilocal_pending
